Survived,Pclass,Sex,Age,SibSp,Parch,Fare,Embarked,rank,family_size,individual_fare
0.0,3.0,0.0,22.0,1.0,0.0,7.25,0.0,3.0,1.0,3.625
1.0,1.0,1.0,38.0,1.0,0.0,71.2833,1.0,3.0,1.0,35.64165
1.0,3.0,1.0,26.0,0.0,0.0,7.925,0.0,4.0,0.0,7.925
1.0,1.0,1.0,35.0,1.0,0.0,53.1,0.0,3.0,1.0,26.55
0.0,3.0,0.0,35.0,0.0,0.0,8.05,0.0,3.0,0.0,8.05
0.0,3.0,0.0,28.72,0.0,0.0,8.4583,2.0,3.0,0.0,8.4583
0.0,1.0,0.0,54.0,0.0,0.0,51.8625,0.0,3.0,0.0,51.8625
0.0,3.0,0.0,2.0,3.0,1.0,21.075,0.0,4.0,4.0,4.215
1.0,3.0,1.0,27.0,0.0,2.0,11.1333,0.0,3.0,2.0,3.7111
1.0,2.0,1.0,14.0,1.0,0.0,30.0708,1.0,3.0,1.0,15.0354
1.0,3.0,1.0,4.0,1.0,1.0,16.7,0.0,4.0,2.0,5.566666666666666
1.0,1.0,1.0,58.0,0.0,0.0,26.55,0.0,4.0,0.0,26.55
0.0,3.0,0.0,20.0,0.0,0.0,8.05,0.0,3.0,0.0,8.05
0.0,3.0,0.0,39.0,1.0,5.0,31.275,0.0,3.0,6.0,4.4678571428571425
0.0,3.0,1.0,14.0,0.0,0.0,7.8542,0.0,4.0,0.0,7.8542
1.0,2.0,1.0,55.0,0.0,0.0,16.0,0.0,3.0,0.0,16.0
0.0,3.0,0.0,2.0,4.0,1.0,29.125,2.0,4.0,5.0,4.854166666666667
1.0,2.0,0.0,32.77,0.0,0.0,13.0,0.0,3.0,0.0,13.0
0.0,3.0,1.0,31.0,1.0,0.0,18.0,0.0,3.0,1.0,9.0
1.0,3.0,1.0,33.52,0.0,0.0,7.225,1.0,3.0,0.0,7.225
0.0,2.0,0.0,35.0,0.0,0.0,26.0,0.0,3.0,0.0,26.0
1.0,2.0,0.0,34.0,0.0,0.0,13.0,0.0,3.0,0.0,13.0
1.0,3.0,1.0,15.0,0.0,0.0,8.0292,2.0,4.0,0.0,8.0292
1.0,1.0,0.0,28.0,0.0,0.0,35.5,0.0,3.0,0.0,35.5
0.0,3.0,1.0,8.0,3.0,1.0,21.075,0.0,4.0,4.0,4.215
1.0,3.0,1.0,38.0,1.0,5.0,31.3875,0.0,3.0,6.0,4.483928571428572
0.0,3.0,0.0,28.72,0.0,0.0,7.225,1.0,3.0,0.0,7.225
0.0,1.0,0.0,19.0,3.0,2.0,263.0,0.0,3.0,5.0,43.833333333333336
1.0,3.0,1.0,27.76,0.0,0.0,7.8792,2.0,4.0,0.0,7.8792
0.0,3.0,0.0,28.72,0.0,0.0,7.8958,0.0,3.0,0.0,7.8958
0.0,1.0,0.0,40.0,0.0,0.0,27.7208,1.0,1.0,0.0,27.7208
1.0,1.0,1.0,40.88,1.0,0.0,146.5208,1.0,3.0,1.0,73.2604
1.0,3.0,1.0,27.76,0.0,0.0,7.75,2.0,4.0,0.0,7.75
0.0,2.0,0.0,66.0,0.0,0.0,10.5,0.0,3.0,0.0,10.5
0.0,1.0,0.0,28.0,1.0,0.0,82.1708,1.0,3.0,1.0,41.0854
0.0,1.0,0.0,42.0,1.0,0.0,52.0,0.0,3.0,1.0,26.0
1.0,3.0,0.0,28.72,0.0,0.0,7.2292,1.0,3.0,0.0,7.2292
0.0,3.0,0.0,21.0,0.0,0.0,8.05,0.0,3.0,0.0,8.05
0.0,3.0,1.0,18.0,2.0,0.0,18.0,0.0,4.0,2.0,6.0
1.0,3.0,1.0,14.0,1.0,0.0,11.2417,1.0,4.0,1.0,5.62085
0.0,3.0,1.0,40.0,1.0,0.0,9.475,0.0,3.0,1.0,4.7375
0.0,2.0,1.0,27.0,1.0,0.0,21.0,0.0,3.0,1.0,10.5
0.0,3.0,0.0,28.72,0.0,0.0,7.8958,1.0,3.0,0.0,7.8958
1.0,2.0,1.0,3.0,1.0,2.0,41.5792,1.0,4.0,3.0,10.3948
1.0,3.0,1.0,19.0,0.0,0.0,7.8792,2.0,4.0,0.0,7.8792
0.0,3.0,0.0,28.72,0.0,0.0,8.05,0.0,3.0,0.0,8.05
0.0,3.0,0.0,28.72,1.0,0.0,15.5,2.0,3.0,1.0,7.75
1.0,3.0,1.0,27.76,0.0,0.0,7.75,2.0,4.0,0.0,7.75
0.0,3.0,0.0,28.72,2.0,0.0,21.6792,1.0,3.0,2.0,7.226400000000001
0.0,3.0,1.0,18.0,1.0,0.0,17.8,0.0,3.0,1.0,8.9
0.0,3.0,0.0,7.0,4.0,1.0,39.6875,0.0,4.0,5.0,6.614583333333333
0.0,3.0,0.0,21.0,0.0,0.0,7.8,0.0,3.0,0.0,7.8
1.0,1.0,1.0,49.0,1.0,0.0,76.7292,1.0,3.0,1.0,38.3646
1.0,2.0,1.0,29.0,1.0,0.0,26.0,0.0,3.0,1.0,13.0
0.0,1.0,0.0,65.0,0.0,1.0,61.9792,1.0,3.0,1.0,30.9896
1.0,1.0,0.0,41.58,0.0,0.0,35.5,0.0,3.0,0.0,35.5
1.0,2.0,1.0,21.0,0.0,0.0,10.5,0.0,4.0,0.0,10.5
0.0,3.0,0.0,28.5,0.0,0.0,7.2292,1.0,3.0,0.0,7.2292
1.0,2.0,1.0,5.0,1.0,2.0,27.75,0.0,4.0,3.0,6.9375
0.0,3.0,0.0,11.0,5.0,2.0,46.9,0.0,4.0,7.0,5.8625
0.0,3.0,0.0,22.0,0.0,0.0,7.2292,1.0,3.0,0.0,7.2292
1.0,1.0,1.0,38.0,0.0,0.0,80.0,,4.0,0.0,80.0
0.0,1.0,0.0,45.0,1.0,0.0,83.475,0.0,3.0,1.0,41.7375
0.0,3.0,0.0,4.0,3.0,2.0,27.9,0.0,4.0,5.0,4.6499999999999995
0.0,1.0,0.0,41.58,0.0,0.0,27.7208,1.0,3.0,0.0,27.7208
1.0,3.0,0.0,4.57,1.0,1.0,15.2458,1.0,4.0,2.0,5.081933333333333
1.0,2.0,1.0,29.0,0.0,0.0,10.5,0.0,3.0,0.0,10.5
0.0,3.0,0.0,19.0,0.0,0.0,8.1583,0.0,3.0,0.0,8.1583
1.0,3.0,1.0,17.0,4.0,2.0,7.925,0.0,4.0,6.0,1.1321428571428571
0.0,3.0,0.0,26.0,2.0,0.0,8.6625,0.0,3.0,2.0,2.8874999999999997
0.0,2.0,0.0,32.0,0.0,0.0,10.5,0.0,3.0,0.0,10.5
0.0,3.0,1.0,16.0,5.0,2.0,46.9,0.0,4.0,7.0,5.8625
0.0,2.0,0.0,21.0,0.0,0.0,73.5,0.0,3.0,0.0,73.5
0.0,3.0,0.0,26.0,1.0,0.0,14.4542,1.0,3.0,1.0,7.2271
1.0,3.0,0.0,32.0,0.0,0.0,56.4958,0.0,3.0,0.0,56.4958
0.0,3.0,0.0,25.0,0.0,0.0,7.65,0.0,3.0,0.0,7.65
0.0,3.0,0.0,28.72,0.0,0.0,7.8958,0.0,3.0,0.0,7.8958
0.0,3.0,0.0,28.72,0.0,0.0,8.05,0.0,3.0,0.0,8.05
1.0,2.0,0.0,0.83,0.0,2.0,29.0,0.0,4.0,2.0,9.666666666666666
1.0,3.0,1.0,30.0,0.0,0.0,12.475,0.0,4.0,0.0,12.475
0.0,3.0,0.0,22.0,0.0,0.0,9.0,0.0,3.0,0.0,9.0
1.0,3.0,0.0,29.0,0.0,0.0,9.5,0.0,3.0,0.0,9.5
1.0,3.0,1.0,27.76,0.0,0.0,7.7875,2.0,4.0,0.0,7.7875
0.0,1.0,0.0,28.0,0.0,0.0,47.1,0.0,3.0,0.0,47.1
1.0,2.0,1.0,17.0,0.0,0.0,10.5,0.0,4.0,0.0,10.5
1.0,3.0,1.0,33.0,3.0,0.0,15.85,0.0,3.0,3.0,3.9625
0.0,3.0,0.0,16.0,1.0,3.0,34.375,0.0,3.0,4.0,6.875
0.0,3.0,0.0,28.72,0.0,0.0,8.05,0.0,3.0,0.0,8.05
1.0,1.0,1.0,23.0,3.0,2.0,263.0,0.0,4.0,5.0,43.833333333333336
0.0,3.0,0.0,24.0,0.0,0.0,8.05,0.0,3.0,0.0,8.05
0.0,3.0,0.0,29.0,0.0,0.0,8.05,0.0,3.0,0.0,8.05
0.0,3.0,0.0,20.0,0.0,0.0,7.8542,0.0,3.0,0.0,7.8542
0.0,1.0,0.0,46.0,1.0,0.0,61.175,0.0,3.0,1.0,30.5875
0.0,3.0,0.0,26.0,1.0,2.0,20.575,0.0,3.0,3.0,5.14375
0.0,3.0,0.0,59.0,0.0,0.0,7.25,0.0,3.0,0.0,7.25
0.0,3.0,0.0,28.72,0.0,0.0,8.05,0.0,3.0,0.0,8.05
0.0,1.0,0.0,71.0,0.0,0.0,34.6542,1.0,3.0,0.0,34.6542
1.0,1.0,0.0,23.0,0.0,1.0,63.3583,1.0,3.0,1.0,31.67915
1.0,2.0,1.0,34.0,0.0,1.0,23.0,0.0,3.0,1.0,11.5
0.0,2.0,0.0,34.0,1.0,0.0,26.0,0.0,3.0,1.0,13.0
0.0,3.0,1.0,28.0,0.0,0.0,7.8958,0.0,4.0,0.0,7.8958
0.0,3.0,0.0,28.72,0.0,0.0,7.8958,0.0,3.0,0.0,7.8958
0.0,1.0,0.0,21.0,0.0,1.0,77.2875,0.0,3.0,1.0,38.64375
0.0,3.0,0.0,33.0,0.0,0.0,8.6542,0.0,3.0,0.0,8.6542
0.0,3.0,0.0,37.0,2.0,0.0,7.925,0.0,3.0,2.0,2.6416666666666666
0.0,3.0,0.0,28.0,0.0,0.0,7.8958,0.0,3.0,0.0,7.8958
1.0,3.0,1.0,21.0,0.0,0.0,7.65,0.0,4.0,0.0,7.65
1.0,3.0,0.0,28.72,0.0,0.0,7.775,0.0,3.0,0.0,7.775
0.0,3.0,0.0,38.0,0.0,0.0,7.8958,0.0,3.0,0.0,7.8958
1.0,3.0,1.0,27.76,1.0,0.0,24.15,2.0,4.0,1.0,12.075
0.0,1.0,0.0,47.0,0.0,0.0,52.0,0.0,3.0,0.0,52.0
0.0,3.0,1.0,14.5,1.0,0.0,14.4542,1.0,4.0,1.0,7.2271
0.0,3.0,0.0,22.0,0.0,0.0,8.05,0.0,3.0,0.0,8.05
0.0,3.0,1.0,20.0,1.0,0.0,9.825,0.0,4.0,1.0,4.9125
0.0,3.0,1.0,17.0,0.0,0.0,14.4583,1.0,4.0,0.0,14.4583
0.0,3.0,0.0,21.0,0.0,0.0,7.925,0.0,3.0,0.0,7.925
0.0,3.0,0.0,70.5,0.0,0.0,7.75,2.0,3.0,0.0,7.75
0.0,2.0,0.0,29.0,1.0,0.0,21.0,0.0,3.0,1.0,10.5
0.0,1.0,0.0,24.0,0.0,1.0,247.5208,1.0,3.0,1.0,123.7604
0.0,3.0,1.0,2.0,4.0,2.0,31.275,0.0,4.0,6.0,4.4678571428571425
0.0,2.0,0.0,21.0,2.0,0.0,73.5,0.0,3.0,2.0,24.5
0.0,3.0,0.0,28.72,0.0,0.0,8.05,0.0,3.0,0.0,8.05
0.0,2.0,0.0,32.5,1.0,0.0,30.0708,1.0,3.0,1.0,15.0354
1.0,2.0,1.0,32.5,0.0,0.0,13.0,0.0,4.0,0.0,13.0
0.0,1.0,0.0,54.0,0.0,1.0,77.2875,0.0,3.0,1.0,38.64375
1.0,3.0,0.0,12.0,1.0,0.0,11.2417,1.0,4.0,1.0,5.62085
0.0,3.0,0.0,28.72,0.0,0.0,7.75,2.0,3.0,0.0,7.75
1.0,3.0,0.0,24.0,0.0,0.0,7.1417,0.0,3.0,0.0,7.1417
1.0,3.0,1.0,9.9,1.0,1.0,22.3583,1.0,4.0,2.0,7.452766666666666
0.0,3.0,0.0,45.0,0.0,0.0,6.975,0.0,3.0,0.0,6.975
0.0,3.0,0.0,33.0,0.0,0.0,7.8958,1.0,3.0,0.0,7.8958
0.0,3.0,0.0,20.0,0.0,0.0,7.05,0.0,3.0,0.0,7.05
0.0,3.0,1.0,47.0,1.0,0.0,14.5,0.0,3.0,1.0,7.25
1.0,2.0,1.0,29.0,1.0,0.0,26.0,0.0,3.0,1.0,13.0
0.0,2.0,0.0,25.0,0.0,0.0,13.0,0.0,3.0,0.0,13.0
0.0,2.0,0.0,23.0,0.0,0.0,15.0458,1.0,3.0,0.0,15.0458
1.0,1.0,1.0,19.0,0.0,2.0,26.2833,0.0,4.0,2.0,8.7611
0.0,1.0,0.0,37.0,1.0,0.0,53.1,0.0,3.0,1.0,26.55
0.0,3.0,0.0,16.0,0.0,0.0,9.2167,0.0,3.0,0.0,9.2167
0.0,1.0,0.0,24.0,0.0,0.0,79.2,1.0,3.0,0.0,79.2
0.0,3.0,1.0,33.52,0.0,2.0,15.2458,1.0,3.0,2.0,5.081933333333333
1.0,3.0,1.0,22.0,0.0,0.0,7.75,0.0,4.0,0.0,7.75
1.0,3.0,1.0,24.0,1.0,0.0,15.85,0.0,3.0,1.0,7.925
0.0,3.0,0.0,19.0,0.0,0.0,6.75,2.0,3.0,0.0,6.75
0.0,2.0,0.0,18.0,0.0,0.0,11.5,0.0,3.0,0.0,11.5
0.0,2.0,0.0,19.0,1.0,1.0,36.75,0.0,3.0,2.0,12.25
1.0,3.0,0.0,27.0,0.0,0.0,7.7958,0.0,3.0,0.0,7.7958
0.0,3.0,1.0,9.0,2.0,2.0,34.375,0.0,4.0,4.0,6.875
0.0,2.0,0.0,36.5,0.0,2.0,26.0,0.0,3.0,2.0,8.666666666666666
0.0,2.0,0.0,42.0,0.0,0.0,13.0,0.0,2.0,0.0,13.0
0.0,2.0,0.0,51.0,0.0,0.0,12.525,0.0,2.0,0.0,12.525
1.0,1.0,1.0,22.0,1.0,0.0,66.6,0.0,3.0,1.0,33.3
0.0,3.0,0.0,55.5,0.0,0.0,8.05,0.0,3.0,0.0,8.05
0.0,3.0,0.0,40.5,0.0,2.0,14.5,0.0,3.0,2.0,4.833333333333333
0.0,3.0,0.0,28.72,0.0,0.0,7.3125,0.0,3.0,0.0,7.3125
0.0,1.0,0.0,51.0,0.0,1.0,61.3792,1.0,3.0,1.0,30.6896
1.0,3.0,1.0,16.0,0.0,0.0,7.7333,2.0,4.0,0.0,7.7333
0.0,3.0,0.0,30.0,0.0,0.0,8.05,0.0,3.0,0.0,8.05
0.0,3.0,0.0,28.72,0.0,0.0,8.6625,0.0,3.0,0.0,8.6625
0.0,3.0,0.0,4.57,8.0,2.0,69.55,0.0,4.0,10.0,6.322727272727272
0.0,3.0,0.0,44.0,0.0,1.0,16.1,0.0,3.0,1.0,8.05
1.0,2.0,1.0,40.0,0.0,0.0,15.75,0.0,3.0,0.0,15.75
0.0,3.0,0.0,26.0,0.0,0.0,7.775,0.0,3.0,0.0,7.775
0.0,3.0,0.0,17.0,0.0,0.0,8.6625,0.0,3.0,0.0,8.6625
0.0,3.0,0.0,1.0,4.0,1.0,39.6875,0.0,4.0,5.0,6.614583333333333
1.0,3.0,0.0,9.0,0.0,2.0,20.525,0.0,4.0,2.0,6.841666666666666
1.0,1.0,1.0,40.88,0.0,1.0,55.0,0.0,3.0,1.0,27.5
0.0,3.0,1.0,45.0,1.0,4.0,27.9,0.0,3.0,5.0,4.6499999999999995
0.0,1.0,0.0,41.58,0.0,0.0,25.925,0.0,3.0,0.0,25.925
0.0,3.0,0.0,28.0,0.0,0.0,56.4958,0.0,3.0,0.0,56.4958
0.0,1.0,0.0,61.0,0.0,0.0,33.5,0.0,3.0,0.0,33.5
0.0,3.0,0.0,4.0,4.0,1.0,29.125,2.0,4.0,5.0,4.854166666666667
1.0,3.0,1.0,1.0,1.0,1.0,11.1333,0.0,4.0,2.0,3.7111
0.0,3.0,0.0,21.0,0.0,0.0,7.925,0.0,3.0,0.0,7.925
0.0,1.0,0.0,56.0,0.0,0.0,30.6958,1.0,3.0,0.0,30.6958
0.0,3.0,0.0,18.0,1.0,1.0,7.8542,0.0,3.0,2.0,2.6180666666666665
0.0,3.0,0.0,4.57,3.0,1.0,25.4667,0.0,4.0,4.0,5.0933399999999995
0.0,1.0,1.0,50.0,0.0,0.0,28.7125,1.0,4.0,0.0,28.7125
0.0,2.0,0.0,30.0,0.0,0.0,13.0,0.0,3.0,0.0,13.0
0.0,3.0,0.0,36.0,0.0,0.0,0.0,0.0,3.0,0.0,0.0
0.0,3.0,1.0,13.39,8.0,2.0,69.55,0.0,4.0,10.0,6.322727272727272
0.0,2.0,0.0,32.77,0.0,0.0,15.05,1.0,3.0,0.0,15.05
0.0,3.0,0.0,9.0,4.0,2.0,31.3875,0.0,4.0,6.0,4.483928571428572
1.0,2.0,0.0,1.0,2.0,1.0,39.0,0.0,4.0,3.0,9.75
1.0,3.0,1.0,4.0,0.0,2.0,22.025,0.0,4.0,2.0,7.341666666666666
0.0,1.0,0.0,41.58,0.0,0.0,50.0,0.0,3.0,0.0,50.0
1.0,3.0,1.0,33.52,1.0,0.0,15.5,2.0,3.0,1.0,7.75
1.0,1.0,0.0,45.0,0.0,0.0,26.55,0.0,3.0,0.0,26.55
0.0,3.0,0.0,40.0,1.0,1.0,15.5,2.0,3.0,2.0,5.166666666666667
0.0,3.0,0.0,36.0,0.0,0.0,7.8958,0.0,3.0,0.0,7.8958
1.0,2.0,1.0,32.0,0.0,0.0,13.0,0.0,3.0,0.0,13.0
0.0,2.0,0.0,19.0,0.0,0.0,13.0,0.0,3.0,0.0,13.0
1.0,3.0,1.0,19.0,1.0,0.0,7.8542,0.0,4.0,1.0,3.9271
1.0,2.0,0.0,3.0,1.0,1.0,26.0,0.0,4.0,2.0,8.666666666666666
1.0,1.0,1.0,44.0,0.0,0.0,27.7208,1.0,3.0,0.0,27.7208
1.0,1.0,1.0,58.0,0.0,0.0,146.5208,1.0,4.0,0.0,146.5208
0.0,3.0,0.0,28.72,0.0,0.0,7.75,2.0,3.0,0.0,7.75
0.0,3.0,0.0,42.0,0.0,1.0,8.4042,0.0,3.0,1.0,4.2021
1.0,3.0,1.0,27.76,0.0,0.0,7.75,2.0,4.0,0.0,7.75
0.0,2.0,1.0,24.0,0.0,0.0,13.0,0.0,4.0,0.0,13.0
0.0,3.0,0.0,28.0,0.0,0.0,9.5,0.0,3.0,0.0,9.5
0.0,3.0,0.0,28.72,8.0,2.0,69.55,0.0,3.0,10.0,6.322727272727272
0.0,3.0,0.0,34.0,0.0,0.0,6.4958,0.0,3.0,0.0,6.4958
0.0,3.0,0.0,45.5,0.0,0.0,7.225,1.0,3.0,0.0,7.225
1.0,3.0,0.0,18.0,0.0,0.0,8.05,0.0,3.0,0.0,8.05
0.0,3.0,1.0,2.0,0.0,1.0,10.4625,0.0,4.0,1.0,5.23125
0.0,3.0,0.0,32.0,1.0,0.0,15.85,0.0,3.0,1.0,7.925
1.0,3.0,0.0,26.0,0.0,0.0,18.7875,1.0,3.0,0.0,18.7875
1.0,3.0,1.0,16.0,0.0,0.0,7.75,2.0,4.0,0.0,7.75
1.0,1.0,0.0,40.0,0.0,0.0,31.0,1.0,3.0,0.0,31.0
0.0,3.0,0.0,24.0,0.0,0.0,7.05,0.0,3.0,0.0,7.05
1.0,2.0,1.0,35.0,0.0,0.0,21.0,0.0,4.0,0.0,21.0
0.0,3.0,0.0,22.0,0.0,0.0,7.25,0.0,3.0,0.0,7.25
0.0,2.0,0.0,30.0,0.0,0.0,13.0,0.0,3.0,0.0,13.0
0.0,3.0,0.0,28.72,1.0,0.0,7.75,2.0,3.0,1.0,3.875
1.0,1.0,1.0,31.0,1.0,0.0,113.275,1.0,4.0,1.0,56.6375
1.0,3.0,1.0,27.0,0.0,0.0,7.925,0.0,4.0,0.0,7.925
0.0,2.0,0.0,42.0,1.0,0.0,27.0,0.0,3.0,1.0,13.5
1.0,1.0,1.0,32.0,0.0,0.0,76.2917,1.0,4.0,0.0,76.2917
0.0,2.0,0.0,30.0,0.0,0.0,10.5,0.0,3.0,0.0,10.5
1.0,3.0,0.0,16.0,0.0,0.0,8.05,0.0,3.0,0.0,8.05
0.0,2.0,0.0,27.0,0.0,0.0,13.0,0.0,3.0,0.0,13.0
0.0,3.0,0.0,51.0,0.0,0.0,8.05,0.0,3.0,0.0,8.05
0.0,3.0,0.0,28.72,0.0,0.0,7.8958,0.0,3.0,0.0,7.8958
1.0,1.0,0.0,38.0,1.0,0.0,90.0,0.0,3.0,1.0,45.0
0.0,3.0,0.0,22.0,0.0,0.0,9.35,0.0,3.0,0.0,9.35
1.0,2.0,0.0,19.0,0.0,0.0,10.5,0.0,3.0,0.0,10.5
0.0,3.0,0.0,20.5,0.0,0.0,7.25,0.0,3.0,0.0,7.25
0.0,2.0,0.0,18.0,0.0,0.0,13.0,0.0,3.0,0.0,13.0
0.0,3.0,1.0,9.9,3.0,1.0,25.4667,0.0,4.0,4.0,5.0933399999999995
1.0,1.0,1.0,35.0,1.0,0.0,83.475,0.0,3.0,1.0,41.7375
0.0,3.0,0.0,29.0,0.0,0.0,7.775,0.0,3.0,0.0,7.775
0.0,2.0,0.0,59.0,0.0,0.0,13.5,0.0,3.0,0.0,13.5
1.0,3.0,1.0,5.0,4.0,2.0,31.3875,0.0,4.0,6.0,4.483928571428572
0.0,2.0,0.0,24.0,0.0,0.0,10.5,0.0,3.0,0.0,10.5
0.0,3.0,1.0,27.76,0.0,0.0,7.55,0.0,4.0,0.0,7.55
0.0,2.0,0.0,44.0,1.0,0.0,26.0,0.0,3.0,1.0,13.0
1.0,2.0,1.0,8.0,0.0,2.0,26.25,0.0,4.0,2.0,8.75
0.0,2.0,0.0,19.0,0.0,0.0,10.5,0.0,3.0,0.0,10.5
0.0,2.0,0.0,33.0,0.0,0.0,12.275,0.0,3.0,0.0,12.275
0.0,3.0,1.0,27.76,1.0,0.0,14.4542,1.0,4.0,1.0,7.2271
1.0,3.0,1.0,27.76,1.0,0.0,15.5,2.0,4.0,1.0,7.75
0.0,2.0,0.0,29.0,0.0,0.0,10.5,0.0,3.0,0.0,10.5
0.0,3.0,0.0,22.0,0.0,0.0,7.125,0.0,3.0,0.0,7.125
0.0,3.0,0.0,30.0,0.0,0.0,7.225,1.0,3.0,0.0,7.225
0.0,1.0,0.0,44.0,2.0,0.0,90.0,2.0,2.0,2.0,30.0
0.0,3.0,1.0,25.0,0.0,0.0,7.775,0.0,4.0,0.0,7.775
1.0,2.0,1.0,24.0,0.0,2.0,14.5,0.0,3.0,2.0,4.833333333333333
1.0,1.0,0.0,37.0,1.0,1.0,52.5542,0.0,3.0,2.0,17.518066666666666
0.0,2.0,0.0,54.0,1.0,0.0,26.0,0.0,2.0,1.0,13.0
0.0,3.0,0.0,28.72,0.0,0.0,7.25,0.0,3.0,0.0,7.25
0.0,3.0,1.0,29.0,1.0,1.0,10.4625,0.0,3.0,2.0,3.4875000000000003
0.0,1.0,0.0,62.0,0.0,0.0,26.55,0.0,3.0,0.0,26.55
0.0,3.0,0.0,30.0,1.0,0.0,16.1,0.0,3.0,1.0,8.05
0.0,3.0,1.0,41.0,0.0,2.0,20.2125,0.0,3.0,2.0,6.7375
1.0,3.0,1.0,29.0,0.0,2.0,15.2458,1.0,3.0,2.0,5.081933333333333
1.0,1.0,1.0,40.88,0.0,0.0,79.2,1.0,3.0,0.0,79.2
1.0,1.0,1.0,30.0,0.0,0.0,86.5,0.0,4.0,0.0,86.5
1.0,1.0,1.0,35.0,0.0,0.0,512.3292,1.0,4.0,0.0,512.3292
1.0,2.0,1.0,50.0,0.0,1.0,26.0,0.0,3.0,1.0,13.0
0.0,3.0,0.0,28.72,0.0,0.0,7.75,2.0,3.0,0.0,7.75
1.0,3.0,0.0,3.0,4.0,2.0,31.3875,0.0,4.0,6.0,4.483928571428572
0.0,1.0,0.0,52.0,1.0,1.0,79.65,0.0,3.0,2.0,26.55
0.0,1.0,0.0,40.0,0.0,0.0,0.0,0.0,3.0,0.0,0.0
0.0,3.0,1.0,27.76,0.0,0.0,7.75,2.0,4.0,0.0,7.75
0.0,2.0,0.0,36.0,0.0,0.0,10.5,0.0,3.0,0.0,10.5
0.0,3.0,0.0,16.0,4.0,1.0,39.6875,0.0,3.0,5.0,6.614583333333333
1.0,3.0,0.0,25.0,1.0,0.0,7.775,0.0,3.0,1.0,3.8875
1.0,1.0,1.0,58.0,0.0,1.0,153.4625,0.0,3.0,1.0,76.73125
1.0,1.0,1.0,35.0,0.0,0.0,135.6333,0.0,4.0,0.0,135.6333
0.0,1.0,0.0,41.58,0.0,0.0,31.0,0.0,3.0,0.0,31.0
1.0,3.0,0.0,25.0,0.0,0.0,0.0,0.0,3.0,0.0,0.0
1.0,2.0,1.0,41.0,0.0,1.0,19.5,0.0,3.0,1.0,9.75
0.0,1.0,0.0,37.0,0.0,1.0,29.7,1.0,3.0,1.0,14.85
1.0,3.0,1.0,27.76,0.0,0.0,7.75,2.0,4.0,0.0,7.75
1.0,1.0,1.0,63.0,1.0,0.0,77.9583,0.0,4.0,1.0,38.97915
0.0,3.0,1.0,45.0,0.0,0.0,7.75,0.0,4.0,0.0,7.75
0.0,2.0,0.0,32.77,0.0,0.0,0.0,0.0,3.0,0.0,0.0
0.0,3.0,0.0,7.0,4.0,1.0,29.125,2.0,4.0,5.0,4.854166666666667
1.0,3.0,1.0,35.0,1.0,1.0,20.25,0.0,3.0,2.0,6.75
0.0,3.0,0.0,65.0,0.0,0.0,7.75,2.0,3.0,0.0,7.75
0.0,3.0,0.0,28.0,0.0,0.0,7.8542,0.0,3.0,0.0,7.8542
0.0,3.0,0.0,16.0,0.0,0.0,9.5,0.0,3.0,0.0,9.5
1.0,3.0,0.0,19.0,0.0,0.0,8.05,0.0,3.0,0.0,8.05
0.0,1.0,0.0,41.58,0.0,0.0,26.0,0.0,3.0,0.0,26.0
0.0,3.0,0.0,33.0,0.0,0.0,8.6625,1.0,3.0,0.0,8.6625
1.0,3.0,0.0,30.0,0.0,0.0,9.5,0.0,3.0,0.0,9.5
0.0,3.0,0.0,22.0,0.0,0.0,7.8958,0.0,3.0,0.0,7.8958
1.0,2.0,0.0,42.0,0.0,0.0,13.0,0.0,3.0,0.0,13.0
1.0,3.0,1.0,22.0,0.0,0.0,7.75,2.0,4.0,0.0,7.75
1.0,1.0,1.0,26.0,0.0,0.0,78.85,0.0,4.0,0.0,78.85
1.0,1.0,1.0,19.0,1.0,0.0,91.0792,1.0,3.0,1.0,45.5396
0.0,2.0,0.0,36.0,0.0,0.0,12.875,1.0,3.0,0.0,12.875
0.0,3.0,1.0,24.0,0.0,0.0,8.85,0.0,4.0,0.0,8.85
0.0,3.0,0.0,24.0,0.0,0.0,7.8958,0.0,3.0,0.0,7.8958
0.0,1.0,0.0,41.58,0.0,0.0,27.7208,1.0,3.0,0.0,27.7208
0.0,3.0,0.0,23.5,0.0,0.0,7.2292,1.0,3.0,0.0,7.2292
0.0,1.0,1.0,2.0,1.0,2.0,151.55,0.0,4.0,3.0,37.8875
1.0,1.0,0.0,41.58,0.0,0.0,30.5,0.0,3.0,0.0,30.5
1.0,1.0,1.0,50.0,0.0,1.0,247.5208,1.0,3.0,1.0,123.7604
1.0,3.0,1.0,27.76,0.0,0.0,7.75,2.0,4.0,0.0,7.75
1.0,3.0,0.0,28.72,2.0,0.0,23.25,2.0,3.0,2.0,7.75
0.0,3.0,0.0,19.0,0.0,0.0,0.0,0.0,3.0,0.0,0.0
1.0,2.0,1.0,27.76,0.0,0.0,12.35,2.0,4.0,0.0,12.35
0.0,3.0,0.0,28.72,0.0,0.0,8.05,0.0,3.0,0.0,8.05
1.0,1.0,0.0,0.92,1.0,2.0,151.55,0.0,4.0,3.0,37.8875
1.0,1.0,1.0,27.76,0.0,0.0,110.8833,1.0,4.0,0.0,110.8833
1.0,1.0,1.0,17.0,1.0,0.0,108.9,1.0,3.0,1.0,54.45
0.0,2.0,0.0,30.0,1.0,0.0,24.0,1.0,3.0,1.0,12.0
1.0,1.0,1.0,30.0,0.0,0.0,56.9292,1.0,4.0,0.0,56.9292
1.0,1.0,1.0,24.0,0.0,0.0,83.1583,1.0,4.0,0.0,83.1583
1.0,1.0,1.0,18.0,2.0,2.0,262.375,1.0,4.0,4.0,52.475
0.0,2.0,1.0,26.0,1.0,1.0,26.0,0.0,3.0,2.0,8.666666666666666
0.0,3.0,0.0,28.0,0.0,0.0,7.8958,0.0,3.0,0.0,7.8958
0.0,2.0,0.0,43.0,1.0,1.0,26.25,0.0,3.0,2.0,8.75
1.0,3.0,1.0,26.0,0.0,0.0,7.8542,0.0,4.0,0.0,7.8542
1.0,2.0,1.0,24.0,1.0,0.0,26.0,0.0,3.0,1.0,13.0
0.0,2.0,0.0,54.0,0.0,0.0,14.0,0.0,2.0,0.0,14.0
1.0,1.0,1.0,31.0,0.0,2.0,164.8667,0.0,4.0,2.0,54.95556666666667
1.0,1.0,1.0,40.0,1.0,1.0,134.5,1.0,3.0,2.0,44.833333333333336
0.0,3.0,0.0,22.0,0.0,0.0,7.25,0.0,3.0,0.0,7.25
0.0,3.0,0.0,27.0,0.0,0.0,7.8958,0.0,3.0,0.0,7.8958
1.0,2.0,1.0,30.0,0.0,0.0,12.35,2.0,4.0,0.0,12.35
1.0,2.0,1.0,22.0,1.0,1.0,29.0,0.0,3.0,2.0,9.666666666666666
0.0,3.0,0.0,28.72,8.0,2.0,69.55,0.0,3.0,10.0,6.322727272727272
1.0,1.0,1.0,36.0,0.0,0.0,135.6333,1.0,4.0,0.0,135.6333
0.0,3.0,0.0,61.0,0.0,0.0,6.2375,0.0,3.0,0.0,6.2375
1.0,2.0,1.0,36.0,0.0,0.0,13.0,0.0,3.0,0.0,13.0
1.0,3.0,1.0,31.0,1.0,1.0,20.525,0.0,3.0,2.0,6.841666666666666
1.0,1.0,1.0,16.0,0.0,1.0,57.9792,1.0,4.0,1.0,28.9896
1.0,3.0,1.0,27.76,2.0,0.0,23.25,2.0,4.0,2.0,7.75
0.0,1.0,0.0,45.5,0.0,0.0,28.5,0.0,3.0,0.0,28.5
0.0,1.0,0.0,38.0,0.0,1.0,153.4625,0.0,3.0,1.0,76.73125
0.0,3.0,0.0,16.0,2.0,0.0,18.0,0.0,3.0,2.0,6.0
1.0,1.0,1.0,40.88,1.0,0.0,133.65,0.0,3.0,1.0,66.825
0.0,3.0,0.0,28.72,0.0,0.0,7.8958,0.0,3.0,0.0,7.8958
0.0,1.0,0.0,29.0,1.0,0.0,66.6,0.0,3.0,1.0,33.3
1.0,1.0,1.0,41.0,0.0,0.0,134.5,1.0,4.0,0.0,134.5
1.0,3.0,0.0,45.0,0.0,0.0,8.05,0.0,3.0,0.0,8.05
0.0,1.0,0.0,45.0,0.0,0.0,35.5,0.0,3.0,0.0,35.5
1.0,2.0,0.0,2.0,1.0,1.0,26.0,0.0,4.0,2.0,8.666666666666666
1.0,1.0,1.0,24.0,3.0,2.0,263.0,0.0,4.0,5.0,43.833333333333336
0.0,2.0,0.0,28.0,0.0,0.0,13.0,0.0,3.0,0.0,13.0
0.0,2.0,0.0,25.0,0.0,0.0,13.0,0.0,3.0,0.0,13.0
0.0,2.0,0.0,36.0,0.0,0.0,13.0,0.0,3.0,0.0,13.0
1.0,2.0,1.0,24.0,0.0,0.0,13.0,0.0,4.0,0.0,13.0
1.0,2.0,1.0,40.0,0.0,0.0,13.0,0.0,4.0,0.0,13.0
1.0,3.0,1.0,33.52,1.0,0.0,16.1,0.0,3.0,1.0,8.05
1.0,3.0,0.0,3.0,1.0,1.0,15.9,0.0,4.0,2.0,5.3
0.0,3.0,0.0,42.0,0.0,0.0,8.6625,0.0,3.0,0.0,8.6625
0.0,3.0,0.0,23.0,0.0,0.0,9.225,0.0,3.0,0.0,9.225
0.0,1.0,0.0,41.58,0.0,0.0,35.0,0.0,3.0,0.0,35.0
0.0,3.0,0.0,15.0,1.0,1.0,7.2292,1.0,3.0,2.0,2.409733333333333
0.0,3.0,0.0,25.0,1.0,0.0,17.8,0.0,3.0,1.0,8.9
0.0,3.0,0.0,28.72,0.0,0.0,7.225,1.0,3.0,0.0,7.225
0.0,3.0,0.0,28.0,0.0,0.0,9.5,0.0,3.0,0.0,9.5
1.0,1.0,1.0,22.0,0.0,1.0,55.0,0.0,4.0,1.0,27.5
0.0,2.0,1.0,38.0,0.0,0.0,13.0,0.0,4.0,0.0,13.0
1.0,3.0,1.0,27.76,0.0,0.0,7.8792,2.0,4.0,0.0,7.8792
1.0,3.0,1.0,27.76,0.0,0.0,7.8792,2.0,4.0,0.0,7.8792
0.0,3.0,0.0,40.0,1.0,4.0,27.9,0.0,3.0,5.0,4.6499999999999995
0.0,2.0,0.0,29.0,1.0,0.0,27.7208,1.0,3.0,1.0,13.8604
0.0,3.0,1.0,45.0,0.0,1.0,14.4542,1.0,3.0,1.0,7.2271
0.0,3.0,0.0,35.0,0.0,0.0,7.05,0.0,3.0,0.0,7.05
0.0,3.0,0.0,28.72,1.0,0.0,15.5,2.0,3.0,1.0,7.75
0.0,3.0,0.0,30.0,0.0,0.0,7.25,0.0,3.0,0.0,7.25
1.0,1.0,1.0,60.0,1.0,0.0,75.25,1.0,3.0,1.0,37.625
1.0,3.0,1.0,33.52,0.0,0.0,7.2292,1.0,3.0,0.0,7.2292
1.0,3.0,1.0,27.76,0.0,0.0,7.75,2.0,4.0,0.0,7.75
1.0,1.0,1.0,24.0,0.0,0.0,69.3,1.0,3.0,0.0,69.3
1.0,1.0,0.0,25.0,1.0,0.0,55.4417,1.0,3.0,1.0,27.72085
0.0,3.0,0.0,18.0,1.0,0.0,6.4958,0.0,3.0,1.0,3.2479
0.0,3.0,0.0,19.0,0.0,0.0,8.05,0.0,3.0,0.0,8.05
0.0,1.0,0.0,22.0,0.0,0.0,135.6333,1.0,3.0,0.0,135.6333
0.0,3.0,1.0,3.0,3.0,1.0,21.075,0.0,4.0,4.0,4.215
1.0,1.0,1.0,40.88,1.0,0.0,82.1708,1.0,3.0,1.0,41.0854
1.0,3.0,1.0,22.0,0.0,0.0,7.25,0.0,4.0,0.0,7.25
0.0,1.0,0.0,27.0,0.0,2.0,211.5,1.0,3.0,2.0,70.5
0.0,3.0,0.0,20.0,0.0,0.0,4.0125,1.0,3.0,0.0,4.0125
0.0,3.0,0.0,19.0,0.0,0.0,7.775,0.0,3.0,0.0,7.775
1.0,1.0,1.0,42.0,0.0,0.0,227.525,1.0,4.0,0.0,227.525
1.0,3.0,1.0,1.0,0.0,2.0,15.7417,1.0,4.0,2.0,5.247233333333333
0.0,3.0,0.0,32.0,0.0,0.0,7.925,0.0,3.0,0.0,7.925
1.0,1.0,1.0,35.0,1.0,0.0,52.0,0.0,3.0,1.0,26.0
0.0,3.0,0.0,28.72,0.0,0.0,7.8958,0.0,3.0,0.0,7.8958
0.0,2.0,0.0,18.0,0.0,0.0,73.5,0.0,3.0,0.0,73.5
0.0,3.0,0.0,1.0,5.0,2.0,46.9,0.0,4.0,7.0,5.8625
1.0,2.0,1.0,36.0,0.0,0.0,13.0,0.0,4.0,0.0,13.0
0.0,3.0,0.0,28.72,0.0,0.0,7.7292,2.0,3.0,0.0,7.7292
1.0,2.0,1.0,17.0,0.0,0.0,12.0,1.0,4.0,0.0,12.0
1.0,1.0,0.0,36.0,1.0,2.0,120.0,0.0,3.0,3.0,30.0
1.0,3.0,0.0,21.0,0.0,0.0,7.7958,0.0,3.0,0.0,7.7958
0.0,3.0,0.0,28.0,2.0,0.0,7.925,0.0,3.0,2.0,2.6416666666666666
1.0,1.0,1.0,23.0,1.0,0.0,113.275,1.0,4.0,1.0,56.6375
1.0,3.0,1.0,24.0,0.0,2.0,16.7,0.0,3.0,2.0,5.566666666666666
0.0,3.0,0.0,22.0,0.0,0.0,7.7958,0.0,3.0,0.0,7.7958
0.0,3.0,1.0,31.0,0.0,0.0,7.8542,0.0,4.0,0.0,7.8542
0.0,2.0,0.0,46.0,0.0,0.0,26.0,0.0,3.0,0.0,26.0
0.0,2.0,0.0,23.0,0.0,0.0,10.5,0.0,2.0,0.0,10.5
1.0,2.0,1.0,28.0,0.0,0.0,12.65,0.0,3.0,0.0,12.65
1.0,3.0,0.0,39.0,0.0,0.0,7.925,0.0,3.0,0.0,7.925
0.0,3.0,0.0,26.0,0.0,0.0,8.05,0.0,3.0,0.0,8.05
0.0,3.0,1.0,21.0,1.0,0.0,9.825,0.0,4.0,1.0,4.9125
0.0,3.0,0.0,28.0,1.0,0.0,15.85,0.0,3.0,1.0,7.925
0.0,3.0,1.0,20.0,0.0,0.0,8.6625,0.0,4.0,0.0,8.6625
0.0,2.0,0.0,34.0,1.0,0.0,21.0,0.0,3.0,1.0,10.5
0.0,3.0,0.0,51.0,0.0,0.0,7.75,0.0,3.0,0.0,7.75
1.0,2.0,0.0,3.0,1.0,1.0,18.75,0.0,4.0,2.0,6.25
0.0,3.0,0.0,21.0,0.0,0.0,7.775,0.0,3.0,0.0,7.775
0.0,3.0,1.0,9.9,3.0,1.0,25.4667,0.0,4.0,4.0,5.0933399999999995
0.0,3.0,0.0,28.72,0.0,0.0,7.8958,0.0,3.0,0.0,7.8958
0.0,3.0,0.0,28.72,0.0,0.0,6.8583,2.0,3.0,0.0,6.8583
1.0,1.0,1.0,33.0,1.0,0.0,90.0,2.0,4.0,1.0,45.0
0.0,2.0,0.0,32.77,0.0,0.0,0.0,0.0,3.0,0.0,0.0
1.0,3.0,0.0,44.0,0.0,0.0,7.925,0.0,3.0,0.0,7.925
0.0,3.0,1.0,33.52,0.0,0.0,8.05,0.0,3.0,0.0,8.05
1.0,2.0,1.0,34.0,1.0,1.0,32.5,0.0,3.0,2.0,10.833333333333334
1.0,2.0,1.0,18.0,0.0,2.0,13.0,0.0,4.0,2.0,4.333333333333333
0.0,2.0,0.0,30.0,0.0,0.0,13.0,0.0,3.0,0.0,13.0
0.0,3.0,1.0,10.0,0.0,2.0,24.15,0.0,4.0,2.0,8.049999999999999
0.0,3.0,0.0,28.72,0.0,0.0,7.8958,1.0,3.0,0.0,7.8958
0.0,3.0,0.0,21.0,0.0,0.0,7.7333,2.0,3.0,0.0,7.7333
0.0,3.0,0.0,29.0,0.0,0.0,7.875,0.0,3.0,0.0,7.875
0.0,3.0,1.0,28.0,1.0,1.0,14.4,0.0,3.0,2.0,4.8
0.0,3.0,0.0,18.0,1.0,1.0,20.2125,0.0,3.0,2.0,6.7375
0.0,3.0,0.0,28.72,0.0,0.0,7.25,0.0,3.0,0.0,7.25
1.0,2.0,1.0,28.0,1.0,0.0,26.0,0.0,3.0,1.0,13.0
1.0,2.0,1.0,19.0,0.0,0.0,26.0,0.0,4.0,0.0,26.0
0.0,3.0,0.0,28.72,0.0,0.0,7.75,2.0,3.0,0.0,7.75
1.0,3.0,0.0,32.0,0.0,0.0,8.05,0.0,3.0,0.0,8.05
1.0,1.0,0.0,28.0,0.0,0.0,26.55,0.0,3.0,0.0,26.55
1.0,3.0,1.0,33.52,1.0,0.0,16.1,0.0,3.0,1.0,8.05
1.0,2.0,1.0,42.0,1.0,0.0,26.0,0.0,3.0,1.0,13.0
0.0,3.0,0.0,17.0,0.0,0.0,7.125,0.0,3.0,0.0,7.125
0.0,1.0,0.0,50.0,1.0,0.0,55.9,0.0,3.0,1.0,27.95
1.0,1.0,1.0,14.0,1.0,2.0,120.0,0.0,4.0,3.0,30.0
0.0,3.0,1.0,21.0,2.0,2.0,34.375,0.0,4.0,4.0,6.875
1.0,2.0,1.0,24.0,2.0,3.0,18.75,0.0,3.0,5.0,3.125
0.0,1.0,0.0,64.0,1.0,4.0,263.0,0.0,3.0,5.0,43.833333333333336
0.0,2.0,0.0,31.0,0.0,0.0,10.5,0.0,3.0,0.0,10.5
1.0,2.0,1.0,45.0,1.0,1.0,26.25,0.0,3.0,2.0,8.75
0.0,3.0,0.0,20.0,0.0,0.0,9.5,0.0,3.0,0.0,9.5
0.0,3.0,0.0,25.0,1.0,0.0,7.775,0.0,3.0,1.0,3.8875
1.0,2.0,1.0,28.0,0.0,0.0,13.0,0.0,3.0,0.0,13.0
1.0,3.0,0.0,28.72,0.0,0.0,8.1125,0.0,3.0,0.0,8.1125
1.0,1.0,0.0,4.0,0.0,2.0,81.8583,0.0,4.0,2.0,27.2861
1.0,2.0,1.0,13.0,0.0,1.0,19.5,0.0,4.0,1.0,9.75
1.0,1.0,0.0,34.0,0.0,0.0,26.55,0.0,3.0,0.0,26.55
1.0,3.0,1.0,5.0,2.0,1.0,19.2583,1.0,4.0,3.0,4.814575
1.0,1.0,0.0,52.0,0.0,0.0,30.5,0.0,2.0,0.0,30.5
0.0,2.0,0.0,36.0,1.0,2.0,27.75,0.0,3.0,3.0,6.9375
0.0,3.0,0.0,28.72,1.0,0.0,19.9667,0.0,3.0,1.0,9.98335
0.0,1.0,0.0,30.0,0.0,0.0,27.75,1.0,3.0,0.0,27.75
1.0,1.0,0.0,49.0,1.0,0.0,89.1042,1.0,3.0,1.0,44.5521
0.0,3.0,0.0,28.72,0.0,0.0,8.05,0.0,3.0,0.0,8.05
1.0,3.0,0.0,29.0,0.0,0.0,7.8958,1.0,3.0,0.0,7.8958
0.0,1.0,0.0,65.0,0.0,0.0,26.55,0.0,3.0,0.0,26.55
1.0,1.0,1.0,40.88,1.0,0.0,51.8625,0.0,3.0,1.0,25.93125
1.0,2.0,1.0,50.0,0.0,0.0,10.5,0.0,4.0,0.0,10.5
0.0,3.0,0.0,28.72,0.0,0.0,7.75,2.0,3.0,0.0,7.75
1.0,1.0,0.0,48.0,0.0,0.0,26.55,0.0,3.0,0.0,26.55
0.0,3.0,0.0,34.0,0.0,0.0,8.05,0.0,3.0,0.0,8.05
0.0,1.0,0.0,47.0,0.0,0.0,38.5,0.0,3.0,0.0,38.5
0.0,2.0,0.0,48.0,0.0,0.0,13.0,0.0,3.0,0.0,13.0
0.0,3.0,0.0,28.72,0.0,0.0,8.05,0.0,3.0,0.0,8.05
0.0,3.0,0.0,38.0,0.0,0.0,7.05,0.0,3.0,0.0,7.05
0.0,2.0,0.0,32.77,0.0,0.0,0.0,0.0,3.0,0.0,0.0
0.0,1.0,0.0,56.0,0.0,0.0,26.55,0.0,3.0,0.0,26.55
0.0,3.0,0.0,28.72,0.0,0.0,7.725,2.0,3.0,0.0,7.725
1.0,3.0,1.0,0.75,2.0,1.0,19.2583,1.0,4.0,3.0,4.814575
0.0,3.0,0.0,28.72,0.0,0.0,7.25,0.0,3.0,0.0,7.25
0.0,3.0,0.0,38.0,0.0,0.0,8.6625,0.0,3.0,0.0,8.6625
1.0,2.0,1.0,33.0,1.0,2.0,27.75,0.0,3.0,3.0,6.9375
1.0,2.0,1.0,23.0,0.0,0.0,13.7917,1.0,3.0,0.0,13.7917
0.0,3.0,1.0,22.0,0.0,0.0,9.8375,0.0,4.0,0.0,9.8375
0.0,1.0,0.0,41.58,0.0,0.0,52.0,0.0,3.0,0.0,52.0
0.0,2.0,0.0,34.0,1.0,0.0,21.0,0.0,3.0,1.0,10.5
0.0,3.0,0.0,29.0,1.0,0.0,7.0458,0.0,3.0,1.0,3.5229
0.0,3.0,0.0,22.0,0.0,0.0,7.5208,0.0,3.0,0.0,7.5208
1.0,3.0,1.0,2.0,0.0,1.0,12.2875,0.0,4.0,1.0,6.14375
0.0,3.0,0.0,9.0,5.0,2.0,46.9,0.0,4.0,7.0,5.8625
0.0,2.0,0.0,32.77,0.0,0.0,0.0,0.0,3.0,0.0,0.0
0.0,3.0,0.0,50.0,0.0,0.0,8.05,0.0,3.0,0.0,8.05
1.0,3.0,1.0,63.0,0.0,0.0,9.5875,0.0,3.0,0.0,9.5875
1.0,1.0,0.0,25.0,1.0,0.0,91.0792,1.0,3.0,1.0,45.5396
0.0,3.0,1.0,9.9,3.0,1.0,25.4667,0.0,4.0,4.0,5.0933399999999995
1.0,1.0,1.0,35.0,1.0,0.0,90.0,0.0,3.0,1.0,45.0
0.0,1.0,0.0,58.0,0.0,0.0,29.7,1.0,3.0,0.0,29.7
0.0,3.0,0.0,30.0,0.0,0.0,8.05,0.0,3.0,0.0,8.05
1.0,3.0,0.0,9.0,1.0,1.0,15.9,0.0,4.0,2.0,5.3
0.0,3.0,0.0,28.72,1.0,0.0,19.9667,0.0,3.0,1.0,9.98335
0.0,3.0,0.0,21.0,0.0,0.0,7.25,0.0,3.0,0.0,7.25
0.0,1.0,0.0,55.0,0.0,0.0,30.5,0.0,3.0,0.0,30.5
0.0,1.0,0.0,71.0,0.0,0.0,49.5042,1.0,3.0,0.0,49.5042
0.0,3.0,0.0,21.0,0.0,0.0,8.05,0.0,3.0,0.0,8.05
0.0,3.0,0.0,28.72,0.0,0.0,14.4583,1.0,3.0,0.0,14.4583
1.0,1.0,1.0,54.0,1.0,0.0,78.2667,1.0,4.0,1.0,39.13335
0.0,3.0,0.0,28.72,0.0,0.0,15.1,0.0,3.0,0.0,15.1
0.0,1.0,1.0,25.0,1.0,2.0,151.55,0.0,3.0,3.0,37.8875
0.0,3.0,0.0,24.0,0.0,0.0,7.7958,0.0,3.0,0.0,7.7958
0.0,3.0,0.0,17.0,0.0,0.0,8.6625,0.0,3.0,0.0,8.6625
0.0,3.0,1.0,21.0,0.0,0.0,7.75,2.0,4.0,0.0,7.75
0.0,3.0,1.0,27.76,0.0,0.0,7.6292,2.0,4.0,0.0,7.6292
0.0,3.0,1.0,37.0,0.0,0.0,9.5875,0.0,4.0,0.0,9.5875
1.0,1.0,1.0,16.0,0.0,0.0,86.5,0.0,4.0,0.0,86.5
0.0,1.0,0.0,18.0,1.0,0.0,108.9,1.0,3.0,1.0,54.45
1.0,2.0,1.0,33.0,0.0,2.0,26.0,0.0,3.0,2.0,8.666666666666666
1.0,1.0,0.0,41.58,0.0,0.0,26.55,0.0,3.0,0.0,26.55
0.0,3.0,0.0,28.0,0.0,0.0,22.525,0.0,3.0,0.0,22.525
1.0,3.0,0.0,26.0,0.0,0.0,56.4958,0.0,3.0,0.0,56.4958
1.0,3.0,0.0,29.0,0.0,0.0,7.75,2.0,3.0,0.0,7.75
0.0,3.0,0.0,28.72,0.0,0.0,8.05,0.0,3.0,0.0,8.05
1.0,1.0,0.0,36.0,0.0,0.0,26.2875,0.0,3.0,0.0,26.2875
1.0,1.0,1.0,54.0,1.0,0.0,59.4,1.0,3.0,1.0,29.7
0.0,3.0,0.0,24.0,0.0,0.0,7.4958,0.0,3.0,0.0,7.4958
0.0,1.0,0.0,47.0,0.0,0.0,34.0208,0.0,3.0,0.0,34.0208
1.0,2.0,1.0,34.0,0.0,0.0,10.5,0.0,3.0,0.0,10.5
0.0,3.0,0.0,28.72,0.0,0.0,24.15,2.0,3.0,0.0,24.15
1.0,2.0,1.0,36.0,1.0,0.0,26.0,0.0,3.0,1.0,13.0
0.0,3.0,0.0,32.0,0.0,0.0,7.8958,0.0,3.0,0.0,7.8958
1.0,1.0,1.0,30.0,0.0,0.0,93.5,0.0,4.0,0.0,93.5
0.0,3.0,0.0,22.0,0.0,0.0,7.8958,0.0,3.0,0.0,7.8958
0.0,3.0,0.0,28.72,0.0,0.0,7.225,1.0,3.0,0.0,7.225
1.0,1.0,1.0,44.0,0.0,1.0,57.9792,1.0,3.0,1.0,28.9896
0.0,3.0,0.0,28.72,0.0,0.0,7.2292,1.0,3.0,0.0,7.2292
0.0,3.0,0.0,40.5,0.0,0.0,7.75,2.0,3.0,0.0,7.75
1.0,2.0,1.0,50.0,0.0,0.0,10.5,0.0,4.0,0.0,10.5
0.0,1.0,0.0,41.58,0.0,0.0,221.7792,0.0,3.0,0.0,221.7792
0.0,3.0,0.0,39.0,0.0,0.0,7.925,0.0,3.0,0.0,7.925
0.0,2.0,0.0,23.0,2.0,1.0,11.5,0.0,3.0,3.0,2.875
1.0,2.0,1.0,2.0,1.0,1.0,26.0,0.0,4.0,2.0,8.666666666666666
0.0,3.0,0.0,28.72,0.0,0.0,7.2292,1.0,3.0,0.0,7.2292
0.0,3.0,0.0,17.0,1.0,1.0,7.2292,1.0,3.0,2.0,2.409733333333333
1.0,3.0,1.0,33.52,0.0,2.0,22.3583,1.0,3.0,2.0,7.452766666666666
0.0,3.0,1.0,30.0,0.0,0.0,8.6625,0.0,4.0,0.0,8.6625
1.0,2.0,1.0,7.0,0.0,2.0,26.25,0.0,4.0,2.0,8.75
0.0,1.0,0.0,45.0,0.0,0.0,26.55,0.0,2.0,0.0,26.55
1.0,1.0,1.0,30.0,0.0,0.0,106.425,1.0,4.0,0.0,106.425
0.0,3.0,0.0,28.72,0.0,0.0,14.5,0.0,3.0,0.0,14.5
1.0,1.0,1.0,22.0,0.0,2.0,49.5,1.0,4.0,2.0,16.5
1.0,1.0,1.0,36.0,0.0,2.0,71.0,0.0,4.0,2.0,23.666666666666668
0.0,3.0,1.0,9.0,4.0,2.0,31.275,0.0,4.0,6.0,4.4678571428571425
0.0,3.0,1.0,11.0,4.0,2.0,31.275,0.0,4.0,6.0,4.4678571428571425
1.0,2.0,0.0,32.0,1.0,0.0,26.0,0.0,3.0,1.0,13.0
0.0,1.0,0.0,50.0,1.0,0.0,106.425,1.0,3.0,1.0,53.2125
0.0,1.0,0.0,64.0,0.0,0.0,26.0,0.0,3.0,0.0,26.0
1.0,2.0,1.0,19.0,1.0,0.0,26.0,0.0,3.0,1.0,13.0
1.0,2.0,0.0,32.77,0.0,0.0,13.8625,1.0,3.0,0.0,13.8625
0.0,3.0,0.0,33.0,1.0,1.0,20.525,0.0,3.0,2.0,6.841666666666666
1.0,2.0,0.0,8.0,1.0,1.0,36.75,0.0,4.0,2.0,12.25
1.0,1.0,0.0,17.0,0.0,2.0,110.8833,1.0,3.0,2.0,36.9611
0.0,2.0,0.0,27.0,0.0,0.0,26.0,0.0,3.0,0.0,26.0
0.0,3.0,0.0,28.72,0.0,0.0,7.8292,2.0,3.0,0.0,7.8292
1.0,3.0,0.0,22.0,0.0,0.0,7.225,1.0,3.0,0.0,7.225
1.0,3.0,1.0,22.0,0.0,0.0,7.775,0.0,4.0,0.0,7.775
0.0,1.0,0.0,62.0,0.0,0.0,26.55,0.0,3.0,0.0,26.55
1.0,1.0,1.0,48.0,1.0,0.0,39.6,1.0,1.0,1.0,19.8
0.0,1.0,0.0,41.58,0.0,0.0,227.525,1.0,3.0,0.0,227.525
1.0,1.0,1.0,39.0,1.0,1.0,79.65,0.0,3.0,2.0,26.55
1.0,3.0,1.0,36.0,1.0,0.0,17.4,0.0,3.0,1.0,8.7
0.0,3.0,0.0,28.72,0.0,0.0,7.75,2.0,3.0,0.0,7.75
0.0,3.0,0.0,40.0,0.0,0.0,7.8958,0.0,3.0,0.0,7.8958
0.0,2.0,0.0,28.0,0.0,0.0,13.5,0.0,3.0,0.0,13.5
0.0,3.0,0.0,28.72,0.0,0.0,8.05,0.0,3.0,0.0,8.05
0.0,3.0,1.0,27.76,0.0,0.0,8.05,0.0,4.0,0.0,8.05
0.0,3.0,0.0,24.0,2.0,0.0,24.15,0.0,3.0,2.0,8.049999999999999
0.0,3.0,0.0,19.0,0.0,0.0,7.8958,0.0,3.0,0.0,7.8958
0.0,3.0,1.0,29.0,0.0,4.0,21.075,0.0,3.0,4.0,4.215
0.0,3.0,0.0,28.72,0.0,0.0,7.2292,1.0,3.0,0.0,7.2292
1.0,3.0,0.0,32.0,0.0,0.0,7.8542,0.0,3.0,0.0,7.8542
1.0,2.0,0.0,62.0,0.0,0.0,10.5,0.0,3.0,0.0,10.5
1.0,1.0,1.0,53.0,2.0,0.0,51.4792,0.0,3.0,2.0,17.15973333333333
1.0,1.0,0.0,36.0,0.0,0.0,26.3875,0.0,3.0,0.0,26.3875
1.0,3.0,1.0,27.76,0.0,0.0,7.75,2.0,4.0,0.0,7.75
0.0,3.0,0.0,16.0,0.0,0.0,8.05,0.0,3.0,0.0,8.05
0.0,3.0,0.0,19.0,0.0,0.0,14.5,0.0,3.0,0.0,14.5
1.0,2.0,1.0,34.0,0.0,0.0,13.0,0.0,4.0,0.0,13.0
1.0,1.0,1.0,39.0,1.0,0.0,55.9,0.0,3.0,1.0,27.95
0.0,3.0,1.0,33.52,1.0,0.0,14.4583,1.0,3.0,1.0,7.22915
1.0,3.0,0.0,32.0,0.0,0.0,7.925,0.0,3.0,0.0,7.925
1.0,2.0,1.0,25.0,1.0,1.0,30.0,0.0,4.0,2.0,10.0
1.0,1.0,1.0,39.0,1.0,1.0,110.8833,1.0,3.0,2.0,36.9611
0.0,2.0,0.0,54.0,0.0,0.0,26.0,0.0,3.0,0.0,26.0
0.0,1.0,0.0,36.0,0.0,0.0,40.125,1.0,3.0,0.0,40.125
0.0,3.0,0.0,28.72,0.0,0.0,8.7125,1.0,3.0,0.0,8.7125
1.0,1.0,1.0,18.0,0.0,2.0,79.65,0.0,4.0,2.0,26.55
0.0,2.0,0.0,47.0,0.0,0.0,15.0,0.0,3.0,0.0,15.0
1.0,1.0,0.0,60.0,1.0,1.0,79.2,1.0,3.0,2.0,26.400000000000002
0.0,3.0,0.0,22.0,0.0,0.0,8.05,0.0,3.0,0.0,8.05
0.0,3.0,0.0,28.72,0.0,0.0,8.05,0.0,3.0,0.0,8.05
0.0,3.0,0.0,35.0,0.0,0.0,7.125,0.0,3.0,0.0,7.125
1.0,1.0,1.0,52.0,1.0,0.0,78.2667,1.0,3.0,1.0,39.13335
0.0,3.0,0.0,47.0,0.0,0.0,7.25,0.0,3.0,0.0,7.25
0.0,3.0,1.0,13.39,0.0,2.0,7.75,2.0,4.0,2.0,2.5833333333333335
0.0,2.0,0.0,37.0,1.0,0.0,26.0,0.0,3.0,1.0,13.0
0.0,3.0,0.0,36.0,1.0,1.0,24.15,0.0,3.0,2.0,8.049999999999999
1.0,2.0,1.0,27.76,0.0,0.0,33.0,0.0,4.0,0.0,33.0
0.0,3.0,0.0,49.0,0.0,0.0,0.0,0.0,3.0,0.0,0.0
0.0,3.0,0.0,28.72,0.0,0.0,7.225,1.0,3.0,0.0,7.225
1.0,1.0,0.0,49.0,1.0,0.0,56.9292,1.0,1.0,1.0,28.4646
1.0,2.0,1.0,24.0,2.0,1.0,27.0,0.0,3.0,3.0,6.75
0.0,3.0,0.0,28.72,0.0,0.0,7.8958,0.0,3.0,0.0,7.8958
0.0,1.0,0.0,41.58,0.0,0.0,42.4,0.0,3.0,0.0,42.4
0.0,3.0,0.0,44.0,0.0,0.0,8.05,0.0,3.0,0.0,8.05
1.0,1.0,0.0,35.0,0.0,0.0,26.55,1.0,3.0,0.0,26.55
0.0,3.0,0.0,36.0,1.0,0.0,15.55,0.0,3.0,1.0,7.775
0.0,3.0,0.0,30.0,0.0,0.0,7.8958,0.0,3.0,0.0,7.8958
1.0,1.0,0.0,27.0,0.0,0.0,30.5,0.0,3.0,0.0,30.5
1.0,2.0,1.0,22.0,1.0,2.0,41.5792,1.0,3.0,3.0,10.3948
1.0,1.0,1.0,40.0,0.0,0.0,153.4625,0.0,4.0,0.0,153.4625
0.0,3.0,1.0,39.0,1.0,5.0,31.275,0.0,3.0,6.0,4.4678571428571425
0.0,3.0,0.0,28.72,0.0,0.0,7.05,0.0,3.0,0.0,7.05
1.0,3.0,1.0,27.76,1.0,0.0,15.5,2.0,4.0,1.0,7.75
0.0,3.0,0.0,28.72,0.0,0.0,7.75,2.0,3.0,0.0,7.75
0.0,3.0,0.0,35.0,0.0,0.0,8.05,0.0,3.0,0.0,8.05
1.0,2.0,1.0,24.0,1.0,2.0,65.0,0.0,4.0,3.0,16.25
0.0,3.0,0.0,34.0,1.0,1.0,14.4,0.0,3.0,2.0,4.8
0.0,3.0,1.0,26.0,1.0,0.0,16.1,0.0,3.0,1.0,8.05
1.0,2.0,1.0,4.0,2.0,1.0,39.0,0.0,4.0,3.0,9.75
0.0,2.0,0.0,26.0,0.0,0.0,10.5,0.0,3.0,0.0,10.5
0.0,3.0,0.0,27.0,1.0,0.0,14.4542,1.0,3.0,1.0,7.2271
1.0,1.0,0.0,42.0,1.0,0.0,52.5542,0.0,3.0,1.0,26.2771
1.0,3.0,0.0,20.0,1.0,1.0,15.7417,1.0,3.0,2.0,5.247233333333333
0.0,3.0,0.0,21.0,0.0,0.0,7.8542,0.0,3.0,0.0,7.8542
0.0,3.0,0.0,21.0,0.0,0.0,16.1,0.0,3.0,0.0,16.1
0.0,1.0,0.0,61.0,0.0,0.0,32.3208,0.0,3.0,0.0,32.3208
0.0,2.0,0.0,57.0,0.0,0.0,12.35,2.0,2.0,0.0,12.35
1.0,1.0,1.0,21.0,0.0,0.0,77.9583,0.0,4.0,0.0,77.9583
0.0,3.0,0.0,26.0,0.0,0.0,7.8958,0.0,3.0,0.0,7.8958
0.0,3.0,0.0,28.72,0.0,0.0,7.7333,2.0,3.0,0.0,7.7333
1.0,1.0,0.0,80.0,0.0,0.0,30.0,0.0,3.0,0.0,30.0
0.0,3.0,0.0,51.0,0.0,0.0,7.0542,0.0,3.0,0.0,7.0542
1.0,1.0,0.0,32.0,0.0,0.0,30.5,1.0,2.0,0.0,30.5
0.0,1.0,0.0,41.58,0.0,0.0,0.0,0.0,3.0,0.0,0.0
0.0,3.0,1.0,9.0,3.0,2.0,27.9,0.0,4.0,5.0,4.6499999999999995
1.0,2.0,1.0,28.0,0.0,0.0,13.0,0.0,4.0,0.0,13.0
0.0,3.0,0.0,32.0,0.0,0.0,7.925,0.0,3.0,0.0,7.925
0.0,2.0,0.0,31.0,1.0,1.0,26.25,0.0,3.0,2.0,8.75
0.0,3.0,1.0,41.0,0.0,5.0,39.6875,0.0,3.0,5.0,6.614583333333333
0.0,3.0,0.0,28.72,1.0,0.0,16.1,0.0,3.0,1.0,8.05
0.0,3.0,0.0,20.0,0.0,0.0,7.8542,0.0,3.0,0.0,7.8542
1.0,1.0,1.0,24.0,0.0,0.0,69.3,1.0,4.0,0.0,69.3
0.0,3.0,1.0,2.0,3.0,2.0,27.9,0.0,4.0,5.0,4.6499999999999995
1.0,3.0,0.0,28.72,0.0,0.0,56.4958,0.0,3.0,0.0,56.4958
1.0,3.0,1.0,0.75,2.0,1.0,19.2583,1.0,4.0,3.0,4.814575
1.0,1.0,0.0,48.0,1.0,0.0,76.7292,1.0,3.0,1.0,38.3646
0.0,3.0,0.0,19.0,0.0,0.0,7.8958,0.0,3.0,0.0,7.8958
1.0,1.0,0.0,56.0,0.0,0.0,35.5,1.0,2.0,0.0,35.5
0.0,3.0,0.0,28.72,0.0,0.0,7.55,0.0,3.0,0.0,7.55
1.0,3.0,1.0,23.0,0.0,0.0,7.55,0.0,4.0,0.0,7.55
0.0,3.0,0.0,28.72,0.0,0.0,7.8958,0.0,3.0,0.0,7.8958
1.0,2.0,1.0,18.0,0.0,1.0,23.0,0.0,4.0,1.0,11.5
0.0,3.0,0.0,21.0,0.0,0.0,8.4333,0.0,3.0,0.0,8.4333
1.0,3.0,1.0,27.76,0.0,0.0,7.8292,2.0,4.0,0.0,7.8292
0.0,3.0,1.0,18.0,0.0,0.0,6.75,2.0,4.0,0.0,6.75
0.0,2.0,0.0,24.0,2.0,0.0,73.5,0.0,3.0,2.0,24.5
0.0,3.0,0.0,28.72,0.0,0.0,7.8958,0.0,3.0,0.0,7.8958
0.0,3.0,1.0,32.0,1.0,1.0,15.5,2.0,3.0,2.0,5.166666666666667
0.0,2.0,0.0,23.0,0.0,0.0,13.0,0.0,3.0,0.0,13.0
0.0,1.0,0.0,58.0,0.0,2.0,113.275,1.0,3.0,2.0,37.75833333333333
1.0,1.0,0.0,50.0,2.0,0.0,133.65,0.0,2.0,2.0,44.550000000000004
0.0,3.0,0.0,40.0,0.0,0.0,7.225,1.0,3.0,0.0,7.225
0.0,1.0,0.0,47.0,0.0,0.0,25.5875,0.0,3.0,0.0,25.5875
0.0,3.0,0.0,36.0,0.0,0.0,7.4958,0.0,3.0,0.0,7.4958
1.0,3.0,0.0,20.0,1.0,0.0,7.925,0.0,3.0,1.0,3.9625
0.0,2.0,0.0,32.0,2.0,0.0,73.5,0.0,3.0,2.0,24.5
0.0,2.0,0.0,25.0,0.0,0.0,13.0,0.0,3.0,0.0,13.0
0.0,3.0,0.0,28.72,0.0,0.0,7.775,0.0,3.0,0.0,7.775
0.0,3.0,0.0,43.0,0.0,0.0,8.05,0.0,3.0,0.0,8.05
1.0,1.0,1.0,40.88,1.0,0.0,52.0,0.0,3.0,1.0,26.0
1.0,2.0,1.0,40.0,1.0,1.0,39.0,0.0,3.0,2.0,13.0
0.0,1.0,0.0,31.0,1.0,0.0,52.0,0.0,3.0,1.0,26.0
0.0,2.0,0.0,70.0,0.0,0.0,10.5,0.0,3.0,0.0,10.5
1.0,2.0,0.0,31.0,0.0,0.0,13.0,0.0,3.0,0.0,13.0
0.0,2.0,0.0,32.77,0.0,0.0,0.0,0.0,3.0,0.0,0.0
0.0,3.0,0.0,18.0,0.0,0.0,7.775,0.0,3.0,0.0,7.775
0.0,3.0,0.0,24.5,0.0,0.0,8.05,0.0,3.0,0.0,8.05
1.0,3.0,1.0,18.0,0.0,0.0,9.8417,0.0,4.0,0.0,9.8417
0.0,3.0,1.0,43.0,1.0,6.0,46.9,0.0,3.0,7.0,5.8625
1.0,1.0,0.0,36.0,0.0,1.0,512.3292,1.0,3.0,1.0,256.1646
0.0,3.0,1.0,27.76,0.0,0.0,8.1375,2.0,4.0,0.0,8.1375
1.0,1.0,0.0,27.0,0.0,0.0,76.7292,1.0,3.0,0.0,76.7292
0.0,3.0,0.0,20.0,0.0,0.0,9.225,0.0,3.0,0.0,9.225
0.0,3.0,0.0,14.0,5.0,2.0,46.9,0.0,3.0,7.0,5.8625
0.0,2.0,0.0,60.0,1.0,1.0,39.0,0.0,3.0,2.0,13.0
0.0,2.0,0.0,25.0,1.0,2.0,41.5792,1.0,3.0,3.0,10.3948
0.0,3.0,0.0,14.0,4.0,1.0,39.6875,0.0,3.0,5.0,6.614583333333333
0.0,3.0,0.0,19.0,0.0,0.0,10.1708,0.0,3.0,0.0,10.1708
0.0,3.0,0.0,18.0,0.0,0.0,7.7958,0.0,3.0,0.0,7.7958
1.0,1.0,1.0,15.0,0.0,1.0,211.3375,0.0,4.0,1.0,105.66875
1.0,1.0,0.0,31.0,1.0,0.0,57.0,0.0,3.0,1.0,28.5
1.0,3.0,1.0,4.0,0.0,1.0,13.4167,1.0,4.0,1.0,6.70835
1.0,3.0,0.0,28.72,0.0,0.0,56.4958,0.0,3.0,0.0,56.4958
0.0,3.0,0.0,25.0,0.0,0.0,7.225,1.0,3.0,0.0,7.225
0.0,1.0,0.0,60.0,0.0,0.0,26.55,0.0,2.0,0.0,26.55
0.0,2.0,0.0,52.0,0.0,0.0,13.5,0.0,3.0,0.0,13.5
0.0,3.0,0.0,44.0,0.0,0.0,8.05,0.0,3.0,0.0,8.05
1.0,3.0,1.0,27.76,0.0,0.0,7.7333,2.0,4.0,0.0,7.7333
0.0,1.0,0.0,49.0,1.0,1.0,110.8833,1.0,3.0,2.0,36.9611
0.0,3.0,0.0,42.0,0.0,0.0,7.65,0.0,3.0,0.0,7.65
1.0,1.0,1.0,18.0,1.0,0.0,227.525,1.0,3.0,1.0,113.7625
1.0,1.0,0.0,35.0,0.0,0.0,26.2875,0.0,3.0,0.0,26.2875
0.0,3.0,1.0,18.0,0.0,1.0,14.4542,1.0,4.0,1.0,7.2271
0.0,3.0,0.0,25.0,0.0,0.0,7.7417,2.0,3.0,0.0,7.7417
0.0,3.0,0.0,26.0,1.0,0.0,7.8542,0.0,3.0,1.0,3.9271
0.0,2.0,0.0,39.0,0.0,0.0,26.0,0.0,3.0,0.0,26.0
1.0,2.0,1.0,45.0,0.0,0.0,13.5,0.0,3.0,0.0,13.5
1.0,1.0,0.0,42.0,0.0,0.0,26.2875,0.0,3.0,0.0,26.2875
1.0,1.0,1.0,22.0,0.0,0.0,151.55,0.0,4.0,0.0,151.55
1.0,3.0,0.0,4.57,1.0,1.0,15.2458,1.0,4.0,2.0,5.081933333333333
1.0,1.0,1.0,24.0,0.0,0.0,49.5042,1.0,4.0,0.0,49.5042
0.0,1.0,0.0,41.58,0.0,0.0,26.55,0.0,3.0,0.0,26.55
1.0,1.0,0.0,48.0,1.0,0.0,52.0,0.0,3.0,1.0,26.0
0.0,3.0,0.0,29.0,0.0,0.0,9.4833,0.0,3.0,0.0,9.4833
0.0,2.0,0.0,52.0,0.0,0.0,13.0,0.0,3.0,0.0,13.0
0.0,3.0,0.0,19.0,0.0,0.0,7.65,0.0,3.0,0.0,7.65
1.0,1.0,1.0,38.0,0.0,0.0,227.525,1.0,4.0,0.0,227.525
1.0,2.0,1.0,27.0,0.0,0.0,10.5,0.0,4.0,0.0,10.5
0.0,3.0,0.0,28.72,0.0,0.0,15.5,2.0,3.0,0.0,15.5
0.0,3.0,0.0,33.0,0.0,0.0,7.775,0.0,3.0,0.0,7.775
1.0,2.0,1.0,6.0,0.0,1.0,33.0,0.0,4.0,1.0,16.5
0.0,3.0,0.0,17.0,1.0,0.0,7.0542,0.0,3.0,1.0,3.5271
0.0,2.0,0.0,34.0,0.0,0.0,13.0,0.0,3.0,0.0,13.0
0.0,2.0,0.0,50.0,0.0,0.0,13.0,0.0,3.0,0.0,13.0
1.0,1.0,0.0,27.0,1.0,0.0,53.1,0.0,3.0,1.0,26.55
0.0,3.0,0.0,20.0,0.0,0.0,8.6625,0.0,3.0,0.0,8.6625
1.0,2.0,1.0,30.0,3.0,0.0,21.0,0.0,3.0,3.0,5.25
1.0,3.0,1.0,27.76,0.0,0.0,7.7375,2.0,4.0,0.0,7.7375
0.0,2.0,0.0,25.0,1.0,0.0,26.0,0.0,3.0,1.0,13.0
0.0,3.0,1.0,25.0,1.0,0.0,7.925,0.0,4.0,1.0,3.9625
1.0,1.0,1.0,29.0,0.0,0.0,211.3375,0.0,4.0,0.0,211.3375
0.0,3.0,0.0,11.0,0.0,0.0,18.7875,1.0,3.0,0.0,18.7875
0.0,2.0,0.0,32.77,0.0,0.0,0.0,0.0,3.0,0.0,0.0
0.0,2.0,0.0,23.0,0.0,0.0,13.0,0.0,3.0,0.0,13.0
0.0,2.0,0.0,23.0,0.0,0.0,13.0,0.0,3.0,0.0,13.0
0.0,3.0,0.0,28.5,0.0,0.0,16.1,0.0,3.0,0.0,16.1
0.0,3.0,1.0,48.0,1.0,3.0,34.375,0.0,3.0,4.0,6.875
1.0,1.0,0.0,35.0,0.0,0.0,512.3292,1.0,3.0,0.0,512.3292
0.0,3.0,0.0,28.72,0.0,0.0,7.8958,0.0,3.0,0.0,7.8958
0.0,3.0,0.0,28.72,0.0,0.0,7.8958,0.0,3.0,0.0,7.8958
1.0,1.0,0.0,41.58,0.0,0.0,30.0,0.0,3.0,0.0,30.0
0.0,1.0,0.0,36.0,1.0,0.0,78.85,0.0,3.0,1.0,39.425
1.0,1.0,1.0,21.0,2.0,2.0,262.375,1.0,4.0,4.0,52.475
0.0,3.0,0.0,24.0,1.0,0.0,16.1,0.0,3.0,1.0,8.05
1.0,3.0,0.0,31.0,0.0,0.0,7.925,0.0,3.0,0.0,7.925
0.0,1.0,0.0,70.0,1.0,1.0,71.0,0.0,2.0,2.0,23.666666666666668
0.0,3.0,0.0,16.0,1.0,1.0,20.25,0.0,3.0,2.0,6.75
1.0,2.0,1.0,30.0,0.0,0.0,13.0,0.0,4.0,0.0,13.0
0.0,1.0,0.0,19.0,1.0,0.0,53.1,0.0,3.0,1.0,26.55
0.0,3.0,0.0,31.0,0.0,0.0,7.75,2.0,3.0,0.0,7.75
1.0,2.0,1.0,4.0,1.0,1.0,23.0,0.0,4.0,2.0,7.666666666666667
1.0,3.0,0.0,6.0,0.0,1.0,12.475,0.0,4.0,1.0,6.2375
0.0,3.0,0.0,33.0,0.0,0.0,9.5,0.0,3.0,0.0,9.5
0.0,3.0,0.0,23.0,0.0,0.0,7.8958,0.0,3.0,0.0,7.8958
1.0,2.0,1.0,48.0,1.0,2.0,65.0,0.0,3.0,3.0,16.25
1.0,2.0,0.0,0.67,1.0,1.0,14.5,0.0,4.0,2.0,4.833333333333333
0.0,3.0,0.0,28.0,0.0,0.0,7.7958,0.0,3.0,0.0,7.7958
0.0,2.0,0.0,18.0,0.0,0.0,11.5,0.0,3.0,0.0,11.5
0.0,3.0,0.0,34.0,0.0,0.0,8.05,0.0,3.0,0.0,8.05
1.0,1.0,1.0,33.0,0.0,0.0,86.5,0.0,1.0,0.0,86.5
0.0,3.0,0.0,28.72,0.0,0.0,14.5,0.0,3.0,0.0,14.5
0.0,3.0,0.0,41.0,0.0,0.0,7.125,0.0,3.0,0.0,7.125
1.0,3.0,0.0,20.0,0.0,0.0,7.2292,1.0,3.0,0.0,7.2292
1.0,1.0,1.0,36.0,1.0,2.0,120.0,0.0,3.0,3.0,30.0
0.0,3.0,0.0,16.0,0.0,0.0,7.775,0.0,3.0,0.0,7.775
1.0,1.0,1.0,51.0,1.0,0.0,77.9583,0.0,3.0,1.0,38.97915
0.0,1.0,0.0,42.0,0.0,0.0,39.6,1.0,2.0,0.0,39.6
0.0,3.0,1.0,30.5,0.0,0.0,7.75,2.0,4.0,0.0,7.75
0.0,3.0,0.0,28.72,1.0,0.0,24.15,2.0,3.0,1.0,12.075
0.0,3.0,0.0,32.0,0.0,0.0,8.3625,0.0,3.0,0.0,8.3625
0.0,3.0,0.0,24.0,0.0,0.0,9.5,0.0,3.0,0.0,9.5
0.0,3.0,0.0,48.0,0.0,0.0,7.8542,0.0,3.0,0.0,7.8542
0.0,2.0,1.0,57.0,0.0,0.0,10.5,0.0,3.0,0.0,10.5
0.0,3.0,0.0,28.72,0.0,0.0,7.225,1.0,3.0,0.0,7.225
1.0,2.0,1.0,54.0,1.0,3.0,23.0,0.0,3.0,4.0,4.6
0.0,3.0,0.0,18.0,0.0,0.0,7.75,0.0,3.0,0.0,7.75
0.0,3.0,0.0,28.72,0.0,0.0,7.75,2.0,3.0,0.0,7.75
1.0,3.0,1.0,5.0,0.0,0.0,12.475,0.0,4.0,0.0,12.475
0.0,3.0,0.0,28.72,0.0,0.0,7.7375,2.0,3.0,0.0,7.7375
1.0,1.0,1.0,43.0,0.0,1.0,211.3375,0.0,3.0,1.0,105.66875
1.0,3.0,1.0,13.0,0.0,0.0,7.2292,1.0,4.0,0.0,7.2292
1.0,1.0,1.0,17.0,1.0,0.0,57.0,0.0,3.0,1.0,28.5
0.0,1.0,0.0,29.0,0.0,0.0,30.0,0.0,3.0,0.0,30.0
0.0,3.0,0.0,28.72,1.0,2.0,23.45,0.0,3.0,3.0,5.8625
0.0,3.0,0.0,25.0,0.0,0.0,7.05,0.0,3.0,0.0,7.05
0.0,3.0,0.0,25.0,0.0,0.0,7.25,0.0,3.0,0.0,7.25
1.0,3.0,1.0,18.0,0.0,0.0,7.4958,0.0,4.0,0.0,7.4958
0.0,3.0,0.0,8.0,4.0,1.0,29.125,2.0,4.0,5.0,4.854166666666667
1.0,3.0,0.0,1.0,1.0,2.0,20.575,0.0,4.0,3.0,5.14375
0.0,1.0,0.0,46.0,0.0,0.0,79.2,1.0,3.0,0.0,79.2
0.0,3.0,0.0,28.72,0.0,0.0,7.75,2.0,3.0,0.0,7.75
0.0,2.0,0.0,16.0,0.0,0.0,26.0,0.0,3.0,0.0,26.0
0.0,3.0,1.0,13.39,8.0,2.0,69.55,0.0,4.0,10.0,6.322727272727272
0.0,1.0,0.0,41.58,0.0,0.0,30.6958,1.0,3.0,0.0,30.6958
0.0,3.0,0.0,25.0,0.0,0.0,7.8958,0.0,3.0,0.0,7.8958
0.0,2.0,0.0,39.0,0.0,0.0,13.0,0.0,3.0,0.0,13.0
1.0,1.0,1.0,49.0,0.0,0.0,25.9292,0.0,2.0,0.0,25.9292
1.0,3.0,1.0,31.0,0.0,0.0,8.6833,0.0,3.0,0.0,8.6833
0.0,3.0,0.0,30.0,0.0,0.0,7.2292,1.0,3.0,0.0,7.2292
0.0,3.0,1.0,30.0,1.0,1.0,24.15,0.0,3.0,2.0,8.049999999999999
0.0,2.0,0.0,34.0,0.0,0.0,13.0,0.0,3.0,0.0,13.0
1.0,2.0,1.0,31.0,1.0,1.0,26.25,0.0,3.0,2.0,8.75
1.0,1.0,0.0,11.0,1.0,2.0,120.0,0.0,4.0,3.0,30.0
1.0,3.0,0.0,0.42,0.0,1.0,8.5167,1.0,4.0,1.0,4.25835
1.0,3.0,0.0,27.0,0.0,0.0,6.975,0.0,3.0,0.0,6.975
0.0,3.0,0.0,31.0,0.0,0.0,7.775,0.0,3.0,0.0,7.775
0.0,1.0,0.0,39.0,0.0,0.0,0.0,0.0,3.0,0.0,0.0
0.0,3.0,1.0,18.0,0.0,0.0,7.775,0.0,4.0,0.0,7.775
0.0,2.0,0.0,39.0,0.0,0.0,13.0,0.0,3.0,0.0,13.0
1.0,1.0,1.0,33.0,1.0,0.0,53.1,0.0,3.0,1.0,26.55
0.0,3.0,0.0,26.0,0.0,0.0,7.8875,0.0,3.0,0.0,7.8875
0.0,3.0,0.0,39.0,0.0,0.0,24.15,0.0,3.0,0.0,24.15
0.0,2.0,0.0,35.0,0.0,0.0,10.5,0.0,3.0,0.0,10.5
0.0,3.0,1.0,6.0,4.0,2.0,31.275,0.0,4.0,6.0,4.4678571428571425
0.0,3.0,0.0,30.5,0.0,0.0,8.05,0.0,3.0,0.0,8.05
0.0,1.0,0.0,41.58,0.0,0.0,0.0,0.0,3.0,0.0,0.0
0.0,3.0,1.0,23.0,0.0,0.0,7.925,0.0,4.0,0.0,7.925
0.0,2.0,0.0,31.0,1.0,1.0,37.0042,1.0,3.0,2.0,12.334733333333332
0.0,3.0,0.0,43.0,0.0,0.0,6.45,0.0,3.0,0.0,6.45
0.0,3.0,0.0,10.0,3.0,2.0,27.9,0.0,4.0,5.0,4.6499999999999995
1.0,1.0,1.0,52.0,1.0,1.0,93.5,0.0,3.0,2.0,31.166666666666668
1.0,3.0,0.0,27.0,0.0,0.0,8.6625,0.0,3.0,0.0,8.6625
0.0,1.0,0.0,38.0,0.0,0.0,0.0,0.0,1.0,0.0,0.0
1.0,3.0,1.0,27.0,0.0,1.0,12.475,0.0,3.0,1.0,6.2375
0.0,3.0,0.0,2.0,4.0,1.0,39.6875,0.0,4.0,5.0,6.614583333333333
0.0,3.0,0.0,28.72,0.0,0.0,6.95,2.0,3.0,0.0,6.95
0.0,3.0,0.0,28.72,0.0,0.0,56.4958,0.0,3.0,0.0,56.4958
1.0,2.0,0.0,1.0,0.0,2.0,37.0042,1.0,4.0,2.0,12.334733333333332
1.0,3.0,0.0,28.72,0.0,0.0,7.75,2.0,3.0,0.0,7.75
1.0,1.0,1.0,62.0,0.0,0.0,80.0,,3.0,0.0,80.0
1.0,3.0,1.0,15.0,1.0,0.0,14.4542,1.0,3.0,1.0,7.2271
1.0,2.0,0.0,0.83,1.0,1.0,18.75,0.0,4.0,2.0,6.25
0.0,3.0,0.0,28.72,0.0,0.0,7.2292,1.0,3.0,0.0,7.2292
0.0,3.0,0.0,23.0,0.0,0.0,7.8542,0.0,3.0,0.0,7.8542
0.0,3.0,0.0,18.0,0.0,0.0,8.3,0.0,3.0,0.0,8.3
1.0,1.0,1.0,39.0,1.0,1.0,83.1583,1.0,4.0,2.0,27.71943333333333
0.0,3.0,0.0,21.0,0.0,0.0,8.6625,0.0,3.0,0.0,8.6625
0.0,3.0,0.0,28.72,0.0,0.0,8.05,0.0,3.0,0.0,8.05
1.0,3.0,0.0,32.0,0.0,0.0,56.4958,0.0,3.0,0.0,56.4958
1.0,1.0,0.0,41.58,0.0,0.0,29.7,1.0,3.0,0.0,29.7
0.0,3.0,0.0,20.0,0.0,0.0,7.925,0.0,3.0,0.0,7.925
0.0,2.0,0.0,16.0,0.0,0.0,10.5,0.0,3.0,0.0,10.5
1.0,1.0,1.0,30.0,0.0,0.0,31.0,1.0,4.0,0.0,31.0
0.0,3.0,0.0,34.5,0.0,0.0,6.4375,1.0,3.0,0.0,6.4375
0.0,3.0,0.0,17.0,0.0,0.0,8.6625,0.0,3.0,0.0,8.6625
0.0,3.0,0.0,42.0,0.0,0.0,7.55,0.0,3.0,0.0,7.55
0.0,3.0,0.0,28.72,8.0,2.0,69.55,0.0,3.0,10.0,6.322727272727272
0.0,3.0,0.0,35.0,0.0,0.0,7.8958,1.0,3.0,0.0,7.8958
0.0,2.0,0.0,28.0,0.0,1.0,33.0,0.0,2.0,1.0,16.5
1.0,1.0,1.0,40.88,1.0,0.0,89.1042,1.0,3.0,1.0,44.5521
0.0,3.0,0.0,4.0,4.0,2.0,31.275,0.0,4.0,6.0,4.4678571428571425
0.0,3.0,0.0,74.0,0.0,0.0,7.775,0.0,3.0,0.0,7.775
0.0,3.0,1.0,9.0,1.0,1.0,15.2458,1.0,4.0,2.0,5.081933333333333
1.0,1.0,1.0,16.0,0.0,1.0,39.4,0.0,4.0,1.0,19.7
0.0,2.0,1.0,44.0,1.0,0.0,26.0,0.0,3.0,1.0,13.0
1.0,3.0,1.0,18.0,0.0,1.0,9.35,0.0,3.0,1.0,4.675
1.0,1.0,1.0,45.0,1.0,1.0,164.8667,0.0,3.0,2.0,54.95556666666667
1.0,1.0,0.0,51.0,0.0,0.0,26.55,0.0,3.0,0.0,26.55
1.0,3.0,1.0,24.0,0.0,3.0,19.2583,1.0,3.0,3.0,4.814575
0.0,3.0,0.0,28.72,0.0,0.0,7.2292,1.0,3.0,0.0,7.2292
0.0,3.0,0.0,41.0,2.0,0.0,14.1083,0.0,3.0,2.0,4.702766666666666
0.0,2.0,0.0,21.0,1.0,0.0,11.5,0.0,3.0,1.0,5.75
1.0,1.0,1.0,48.0,0.0,0.0,25.9292,0.0,3.0,0.0,25.9292
0.0,3.0,1.0,13.39,8.0,2.0,69.55,0.0,4.0,10.0,6.322727272727272
0.0,2.0,0.0,24.0,0.0,0.0,13.0,0.0,3.0,0.0,13.0
1.0,2.0,1.0,42.0,0.0,0.0,13.0,0.0,3.0,0.0,13.0
1.0,2.0,1.0,27.0,1.0,0.0,13.8583,1.0,4.0,1.0,6.92915
0.0,1.0,0.0,31.0,0.0,0.0,50.4958,0.0,3.0,0.0,50.4958
0.0,3.0,0.0,28.72,0.0,0.0,9.5,0.0,3.0,0.0,9.5
1.0,3.0,0.0,4.0,1.0,1.0,11.1333,0.0,4.0,2.0,3.7111
0.0,3.0,0.0,26.0,0.0,0.0,7.8958,0.0,3.0,0.0,7.8958
1.0,1.0,1.0,47.0,1.0,1.0,52.5542,0.0,3.0,2.0,17.518066666666666
0.0,1.0,0.0,33.0,0.0,0.0,5.0,0.0,3.0,0.0,5.0
0.0,3.0,0.0,47.0,0.0,0.0,9.0,0.0,3.0,0.0,9.0
1.0,2.0,1.0,28.0,1.0,0.0,24.0,1.0,3.0,1.0,12.0
1.0,3.0,1.0,15.0,0.0,0.0,7.225,1.0,4.0,0.0,7.225
0.0,3.0,0.0,20.0,0.0,0.0,9.8458,0.0,3.0,0.0,9.8458
0.0,3.0,0.0,19.0,0.0,0.0,7.8958,0.0,3.0,0.0,7.8958
0.0,3.0,0.0,28.72,0.0,0.0,7.8958,0.0,3.0,0.0,7.8958
1.0,1.0,1.0,56.0,0.0,1.0,83.1583,1.0,3.0,1.0,41.57915
1.0,2.0,1.0,25.0,0.0,1.0,26.0,0.0,3.0,1.0,13.0
0.0,3.0,0.0,33.0,0.0,0.0,7.8958,0.0,3.0,0.0,7.8958
0.0,3.0,1.0,22.0,0.0,0.0,10.5167,0.0,4.0,0.0,10.5167
0.0,2.0,0.0,28.0,0.0,0.0,10.5,0.0,3.0,0.0,10.5
0.0,3.0,0.0,25.0,0.0,0.0,7.05,0.0,3.0,0.0,7.05
0.0,3.0,1.0,39.0,0.0,5.0,29.125,2.0,3.0,5.0,4.854166666666667
0.0,2.0,0.0,27.0,0.0,0.0,13.0,0.0,2.0,0.0,13.0
1.0,1.0,1.0,19.0,0.0,0.0,30.0,0.0,4.0,0.0,30.0
0.0,3.0,1.0,13.39,1.0,2.0,23.45,0.0,4.0,3.0,5.8625
1.0,1.0,0.0,26.0,0.0,0.0,30.0,1.0,3.0,0.0,30.0
0.0,3.0,0.0,32.0,0.0,0.0,7.75,2.0,3.0,0.0,7.75
